"Yuan Ma","Tim Donkers","Timm Kleemann","Jürgen Ziegler"
"Niklas Deckers","Maik Fröbe","Johannes Kiesel","Gianluca Pandolfo","Christopher Schröder","Benno Stein","Martin Potthast"
"Marcel Gohsen","Johannes Kiesel","Mariam Korashi","Jan Ehlers","Benno Stein"
"Markus Bink","Sebastian Schwarz","Tim Draws","David Elsweiler"
"Wolfgang Gritz","Christian Otto","Anett Hoppe","Georg Pardi","Yvonne Kammerer","Ralph Ewerth"
"Sebastian Schultheiß"
"Helena Häußler"
"Toine Bogers","Maria Gäde","Mark Michael Hall","Marijn Koolen","Vivien Petras","Birger Larsen"
"Toine Bogers","Birger Larsen","Marijn Koolen","Maria Gäde","Mark M. Hall","Vivien Petras"
"Johannes Kiesel","Volker Bernhard","Marcel Gohsen","Josef Roth","Benno Stein"
"Alexander Bondarenko","Ekaterina Shirshakova","Matthias Hagen"
"Maximiliane Windl","Anna-Marie Ortloff","Niels Henze","Valentin Schwind"
"Markus Bink","Steven Zimmerman","David Elsweiler"
"Selina Meyer"
"Andrea Papenmeier","Alexander Frummet","Dagmar Kern"
"Christian Otto","Markus Rokicki","Georg Pardi","Wolfgang Gritz","Daniel Hienert","Ran Yu","Johannes von Hoyer","Anett Hoppe","Stefan Dietze","Peter Holtz","Yvonne Kammerer","Ralph Ewerth"
"Sebastian Schultheiß","Helena Häußler","Dirk Lewandowski"
"Toine Bogers","Maria Gäde","Mark Michael Hall","Marijn Koolen","Vivien Petras","Paul Thomas"
"Pablo Valdunciel","Omair Shahzad Bhatti","Michael Barz","Daniel Sonntag"
"Yue Huang","Borke Obada-Obieh","Elissa M. Redmiles","Satya Lokam","Konstantin Beznosov"
"Andrea Papenmeier","Dagmar Kern","Daniel Hienert","Alfred Sliwa","Ahmet Aker","Norbert Fuhr"
"Andrea Papenmeier","Dagmar Kern","Daniel Hienert","Alfred Sliwa","Ahmet Aker","Norbert Fuhr"
"Anna-Marie Ortloff","Steven Zimmerman","David Elsweiler","Niels Henze"
"Maria Gäde","Marijn Koolen","Mark Hall","Toine Bogers","Vivien Petras"
"Melanie Heck","Janick Edinger","Jonathan Bünemann","Christian Becker"
"Tim Repke","Ralf Krestel"
"Ioannis Arapakis","Souneil Park","Martin Pielot"
"Wiebke Thode"
"Johannes Kiesel","Kevin Lang","Henning Wachsmuth","Eva Hornecker","Benno Stein"
"Steven Zimmerman","Alistair Thorpe","Jon Chamberlain","Udo Kruschwitz"
"Sabrina Barko-Sherif","David Elsweiler","Morgan Harvey"
"Georg Pardi","Johannes von Hoyer","Peter Holtz","Yvonne Kammerer"
"Masoud Davari","Daniel Hienert","Dagmar Kern","Stefan Dietze"
"Ghazaleh H. Torbati","Andrew Yates","Gerhard Weikum"
"Diego Demaree","Halszka Jarodzka","Saskia Brand-Gruwel","Yvonne Kammerer"
"Eduardo H. M. Pena","Edson R. Lucas Filho","Eduardo C. de Almeida","Felix Naumann"
"Baifan Zhou","Yulia Svetashova","Seongsu Byeon","Tim Pychynski","Ralf Mikut","Evgeny Kharlamov"
"Baifan Zhou","Yulia Svetashova","Tim Pychynski","Ildar Baimuratov","Ahmet Soylu","Evgeny Kharlamov"
"Koustav Rudra","Avishek Anand"
"Enrique Iglesias","Samaneh Jozashoori","David Chaves-Fraga","Diego Collarana","Maria-Esther Vidal"
"Lukas Gienapp","Maik Fröbe","Matthias Hagen","Martin Potthast"
"Lukas Gienapp","Benno Stein","Matthias Hagen","Martin Potthast"
"Dimitar Dimitrov","Erdal Baran","Pavlos Fafalios","Ran Yu","Xiaofei Zhu","Matthäus Zloch","Stefan Dietze"
"Isaiah Onando Mulang'","Kuldeep Singh","Chaitali Prabhu","Abhishek Nadgeri","Johannes Hoffart","Jens Lehmann"
"Jason Armitage","Endri Kacupaj","Golsa Tahmasebzadeh"," Swati","Maria Maleshkova","Ralph Ewerth","Jens Lehmann"
"Ronny Peterson","Altigran da Silva","André Carvalho","Christof Fetzer","André Martin","Ignacio Blanquer"
"Michael Günther","Philipp Oehme","Maik Thiele","Wolfgang Lehner"
"Simon Razniewski","Priyanka Das"
"Julien Romero","Simon Razniewski"
"Andrew Yates","Kevin Martin Jose","Xinyu Zhang","Jimmy Lin"
"Dhruv Gupta","Klaus Berberich"
"Ahmad Sakor","Kuldeep Singh","Anery Patel","Maria-Esther Vidal"
"Thilina Ranbaduge","Rainer Schnell"
"Anushka Vidanage","Peter Christen","Thilina Ranbaduge","Rainer Schnell"
"Yikun Xian","Zuohui Fu","Handong Zhao","Yingqiang Ge","Xu Chen","Qiaoying Huang","Shijie Geng","Zhou Qin","Gerard de Melo","S. Muthukrishnan","Yongfeng Zhang"
"Julian Risch","Ralf Krestel"
"Stefan Halfpap","Rainer Schlosser"
"Michael Färber","Victoria Burkard","Adam Jatowt","Sora Lim"
"Anett Hoppe","Ran Yu","Yvonne Kammerer","Ladislao Salmerón"
"Mehwish Alam","Paul Groth","Pascal Hitzler","Heiko Paulheim","Harald Sack","Volker Tresp"
"Russa Biswas"
"Anna Primpeli","Christian Bizer"
"Feifei Xu","Xinpeng Wang","Yunpu Ma","Volker Tresp","Yuyi Wang","Shanlin Zhou","Haizhou Du"
"Stefan Heindorf","Yan Scholten","Henning Wachsmuth","Axel-Cyrille Ngonga Ngomo","Martin Potthast"
"Johannes Kiesel","Florian Kneist","Lars Meyer","Kristof Komlossy","Benno Stein","Martin Potthast"
"Lorik Dumani","Ralf Schenkel"
"Tobias Zeimetz","Ralf Schenkel"
"Philip Hausner","Dennis Aumiller","Michael Gertz"
"Fabian Berns","Christian Beecks"
"Nikos Giatrakos","David Arnu","Theodoros Bitsakis","Antonios Deligiannakis","Minos Garofalakis","Ralf Klinkenberg","Aris Konidaris","Antonis Kontaxakis","Yannis Kotidis","Vasilis Samoladas","Alkis Simitsis","George Stamatakis","Fabian Temme","Mate Torok","Edwin Yaqub","Arnau Montagud","Miguel Ponce de León","Holger Arndt","Stefan Burkard"
"Fabian Moerchen","Patrick Ernst","Giovanni Zappella"
"Beyza Ermis","Patrick Ernst","Yannik Stein","Giovanni Zappella"
"Tarcísio Souza Costa","Simon Gottschalk","Elena Demidova"
"Valentin Hartmann","Konark Modi","Josep M. Pujol","Robert West"
"Till Blume","David Richerby","Ansgar Scherp"
"Soumyadeep Roy","Sudip Chakraborty","Aishik Mandal","Gunjan Balde","Prakhar Sharma","Anandhavelu Natarajan","Megha Khosla","Shamik Sural","Niloy Ganguly"
"Zijian Zhang","Koustav Rudra","Avishek Anand"
"Tobias Weller","Maribel Acosta"
"David Schindler","Felix Bensmann","Stefan Dietze","Frank Krüger"
"Carsten Felix Draschner","Claus Stadler","Farshad Bakhshandegan Moghaddam","Jens Lehmann","Hajira Jabeen"
"Zhen Jia","Soumajit Pramanik","Rishiraj Saha Roy","Gerhard Weikum"
"Aurélien Personnaz","Sihem Amer-Yahia","Laure Berti-Equille","Maximilian Fabricius","Srividya Subramanian"
"Zuohui Fu","Yikun Xian","Shijie Geng","Gerard de Melo","Yongfeng Zhang"
"André Pomp","Alexander Paulus","Andreas Burgdorf","Tobias Meisen"
"Daniel Glake","Norbert Ritter","Florian Ocker","Nima Ahmady-Moghaddam","Daniel Osterholz","Ulfia Lenfers","Thomas Clemen"
"Tobias Weller","Heiko Paulheim"
"Anson Bastos","Kuldeep Singh","Abhishek Nadgeri","Saeedeh Shekarpour","Isaiah Onando Mulang","Johannes Hoffart"
"Md Kamrul Hasan","Mohammad Mahdavi"
"Michael Färber","Ann-Kathrin Leisinger"
"Alexander Bondarenko","Ekaterina Shirshakova","Marina Driker","Matthias Hagen","Pavel Braslavski"
"Jiqun Liu","Ran Yu"
"Anett Hoppe","Ran Yu","Irina Brich","Jiqun Liu"
"Anoop R. Katti","Kai Hui","Adria de Gispert","Hagen Fuerstenau"
"Marco Del Tredici","Gianni Barlacchi","Xiaoyu Shen","Weiwei Cheng","Adriá de Gispert"
"Martin Ringsquandl","Houssem Sellami","Marcel Hildebrandt","Dagmar Beyer","Sylwia Henselmeyer","Sebastian Weber","Mitchell Joblin"
"Nicolas Tempelmeier","Simon Gottschalk","Elena Demidova"
"Alishiba Dsouza","Nicolas Tempelmeier","Ran Yu","Simon Gottschalk","Elena Demidova"
"Benedek Rozemberczki","Paul Scherer","Yixuan He","George Panagopoulos","Alexander Riedel","Maria Astefanoaei","Oliver Kiss","Ferenc Beres","Guzmán López","Nicolas Collignon","Rik Sarkar"
"Patrick Schäfer","Arik Ermshaus","Ulf Leser"
"Lorik Dumani","Tobias Wiesenfeldt","Ralf Schenkel"
"Aleksandra Gruca","Pedro Herruzo","Pilar Rípodas","Andrzej Kucik","Christian Briese","Michael K. Kopp","Sepp Hochreiter","Pedram Ghamisi","David P. Kreil"
"Divesh Srivastava","Tobias Bleifuß","Leon Bornemann","Dmitri V. Kalashnikov","Felix Naumann"
"Dongzhuoran Zhou","Baifan Zhou","Zhuoxun Zheng","Ahmet Soylu","Ognjen Savkovic","Egor V. Kostylev","Evgeny Kharlamov"
"Zhuoxun Zheng","Baifan Zhou","Dongzhuoran Zhou","Ahmet Soylu","Evgeny Kharlamov"
"Zhuoxun Zheng","Baifan Zhou","Dongzhuoran Zhou","Ahmet Soylu","Evgeny Kharlamov"
"Thi Huyen Nguyen","Miroslav Shaltev","Koustav Rudra"
"Thi Huyen Nguyen","Koustav Rudra"
"Saber Zerhoudi","Sebastian Günther","Kim Plassmeier","Timo Borst","Christin Seifert","Matthias Hagen","Michael Granitzer"
"Nitisha Jain","Ralf Krestel"
"Anastasiia Iurshina","Jiaxin Pan","Rafika Boutalbi","Steffen Staab"
"Sayantan Polley","Subhajit Mondal","Venkata Srinath Mannam","Kushagra Kumar","Subhankar Patra","Andreas Nürnberger"
"Erasmo Purificato","Ludovico Boratto","Ernesto William De Luca"
"Salim Hafid","Sebastian Schellhammer","Sandra Bringay","Konstantin Todorov","Stefan Dietze"
"Endri Kacupaj","Kuldeep Singh","Maria Maleshkova","Jens Lehmann"
"Hannah Bast","Johannes Kalmbach","Theresa Klumpp","Florian Kramer","Niklas Schnelle"
"Johannes Haug","Alexander Braun","Stefan Zürn","Gjergji Kasneci"
"Zhenyu Mao","Ziyue Li","Dedong Li","Lei Bai","Rui Zhao"
"Hiba Arnaout","Simon Razniewski","Gerhard Weikum","Jeff Z. Pan"
"Hai Dang Tran","Andrew Yates"
"Hao Huang"
"Guglielmo Faggioli","Nicola Ferro","Norbert Fuhr"
"Honglu Zhou","Advith Chegu","Samuel S. Sohn","Zuohui Fu","Gerard de Melo","Mubbasir Kapadia"
"Andreas Burgdorf","Alexander Paulus","André Pomp","Tobias Meisen"
"Alexander Paulus","Andreas Burgdorf","Tristan Langer","André Pomp","Tobias Meisen","Sebastian Pol"
"Miguel Alves Gomes","Richard Meyes","Philipp Meisen","Tobias Meisen"
"Daniel Glake","Fabian Panse","Ulfia Lenfers","Thomas Clemen","Norbert Ritter"
"Mi Tian","Claudia Hauff","Praveen Chandar"
"Pablo Beytía"
"Jurek Leonhardt","Avishek Anand","Megha Khosla"
"Anna Tigunova"
"Gong Cheng","Kalpa Gunaratna","Evgeny Kharlamov"
"Thomas Steiner","Pete LePage","Thomas Nattestad","Rory McClelland","Alex Russell","Dominick Ng"
"Martin Pawelczyk","Klaus Broelemann","Gjergji Kasneci"
"Auriol Degbelo","Ang Sherpa"
"Auriol Degbelo"
"Peter de Lange","Michał Słupczyński","Ralf Klamma"
"Christian Meurisch","Bekir Bayrak","Max Mühlhäuser"
"Evangelos Maliaroudakis","Katarina Boland","Stefan Dietze","Konstantin Todorov","Yannis Tzitzikas","Pavlos Fafalios"
"Sebastian Brückner","Florian Lemmerich","Markus Strohmaier"
"Friedhelm Victor","Andrea Marie Weintraud"
"Bettina Berendt","Özgür Karadeniz","Stefan Mertens","Leen d'Haenens"
"Pouyan Fotouhi Tehrani","Eric Osterweil","Jochen H. Schiller","Thomas C. Schmidt","Matthias Wählisch"
"Aparup Khatua","Wolfgang Nejdl"
"Koustav Rudra","Danny Tran","Miroslav Shaltev"
"Mónica Figuera","Philipp D. Rohde","Maria-Esther Vidal"
"Golsa Heidari","Ahmad Ramadan","Markus Stocker","Sören Auer"
"Mohamad Yaser Jaradeh","Kuldeep Singh","Markus Stocker","Sören Auer"
"Irlán Grangel-González","Maria Esther Vidal"
"Valentina Janev","Maria Esther Vidal","Kemele Endris","Dea Pujic"
"Jens Helge Reelfs","Max Bergmann","Oliver Hohlfeld","Niklas Henckell"
"Jan Portisch","Michael Hladik","Heiko Paulheim"
"Nicolas Heist","Heiko Paulheim"
"Mehwish Alam","Russa Biswas","Yiyi Chen","Danilo Dessì","Genet Asefa Gesese","Fabian Hoppe","Harald Sack"
"Fabian Hoppe","Danilo Dessì","Harald Sack"
"Philipp Scharpf","Moritz Schubotz","Bela Gipp"
"Wei Wu","Bin Li","Chuan Luo","Wolfgang Nejdl"
"Chuan Luo","Pu Zhao","Bo Qiao","Youjiang Wu","Hongyu Zhang","Wei Wu","Weihai Lu","Yingnong Dang","Saravanakumar Rajmohan","Qingwei Lin","Dongmei Zhang"
"Anson Bastos","Abhishek Nadgeri","Kuldeep Singh","Isaiah Onando Mulang","Saeedeh Shekarpour","Johannes Hoffart","Manohar Kaul"
"Jürgen Hackl","Ingo Scholtes","Luka V. Petrović","Vincenzo Perri","Luca Verginer","Christoph Gote"
"Luka V. Petrović","Ingo Scholtes"
"Vincenzo Perri","Ingo Scholtes"
"Michael Färber","Vinzenz Zinecker","Isabela Bragaglia Cartus","Sebastian Celis","Maria Duma"
"Johannes Frey","Sebastian Hellmann"
"Joachim Schöpfel","Otmane Azeroual"
"Carolina C. Vieira","Marisa Vasconcelos"
"Mahdi Bohlouli","Jonathan Hermann","Fabian Sunnus"
"Mahdi Bohlouli","Zhonghua He"
"Kirill Solovev","Nicolas Pröllochs"
"Azin Ghazimatin","Soumajit Pramanik","Rishiraj Saha Roy","Gerhard Weikum"
"Vinh Thinh Ho","Koninika Pal","Simon Razniewski","Klaus Berberich","Gerhard Weikum"
"Fatemeh Tahmasbi","Leonard Schild","Chen Ling","Jeremy Blackburn","Gianluca Stringhini","Yang Zhang","Savvas Zannettou"
"Antonis Papasavva","Jeremy Blackburn","Gianluca Stringhini","Savvas Zannettou","Emiliano De Cristofaro"
"Tuan-Phong Nguyen","Simon Razniewski","Gerhard Weikum"
"Michael Loster","Davide Mottin","Paolo Papotti","Jan Ehmüller","Benjamin Feldmann","Felix Naumann"
"Nuno Mota","Negar Mohammadi","Palash Dey","Krishna P. Gummadi","Abhijnan Chakraborty"
"Honglian Wang","Peiyan Li","Wujun Tao","Bailin Feng","Junming Shao"
"Lorenzo Corneo","Maximilian Eder","Nitinder Mohan","Aleksandr Zavodovski","Suzan Bayhan","Walter Wong","Per Gunningberg","Jussi Kangasharju","Jörg Ott"
"Yuxuan Shi","Gong Cheng","Trung-Kien Tran","Evgeny Kharlamov","Yulin Shen"
"Aaron Hilbig","Daniel Lehmann","Michael Pradel"
"Aleksandra Urman","Mykola Makhortykh","Roberto Ulloa"
"Vinh Thinh Ho","Daria Stepanova","Dragan Milchevski","Jannik Strötgen","Gerhard Weikum"
"Nicolas Tempelmeier","Elena Demidova"
"Xiaolei Huang","Lucie Flek","Franck Dernoncourt","Charles Welch","Silvio Amir","Ramit Sawhney","Diyi Yang"
"Dimitar Dimitrov","Dennis Segeth","Stefan Dietze"
"Marcel Gregoriadis","Robert Muth","Martin Florian"
"Anh Le-Tuan","Carlos Franzreb","Danh Le Phuoc","Sonja Schimmler","Manfred Hauswirth"
"Qingyuan Gong","Yang Chen","Xinlei He","Yu Xiao","Pan Hui","Xin Wang","Xiaoming Fu"
"Ralph Peeters","Christian Bizer"
"Ralph Peeters","Christian Bizer"
"Soumya Sharma","Tapas Nayak","Arusarka Bose","Ajay Kumar Meena","Koustuv Dasgupta","Niloy Ganguly","Pawan Goyal"
"Daria Gurtovoy","Simon Gottschalk"
"Gourab K. Patro","Prithwish Jana","Abhijnan Chakraborty","Krishna P. Gummadi","Niloy Ganguly"
"Sara Abdollahi"
"Julian Schelb","Maud Ehrmann","Matteo Romanello","Andreas Spitz"
"Xinni Wang","Christoph H.-J. Braun","Andreas Both","Tobias Käfer"
"Aleksandr Perevalov","Andreas Both","Dennis Diefenbach","Axel-Cyrille Ngonga Ngomo"
"Jacek Golebiowski","Felice Antonio Merra","Ziawasch Abedjan","Felix Biessmann"
"Alexander Buchholz","Vito Bellini","Giuseppe Di Benedetto","Yannik Stein","Matteo Ruffini","Fabian Moerchen"
"Matteo Ruffini","Vito Bellini","Alexander Buchholz","Giuseppe Di Benedetto","Yannik Stein"
"Emetis Niazmand"
"Elena Demidova","Sherzod Hakimov","Jane Winters","Marko Tadić"
"Sherzod Hakimov","Gullal Singh Cheema","Marc A. Kastner","Rajiv Ratn Shah","Karan Sikka"
"Paulina J. Pesch","Harshvardhan J. Pandit","Vitor Jesus","Cristiana Santos"
"Christof Naumzik","Stefan Feuerriegel"
"Michel Buffa","Shihong Ren","Owen Campbell","Tom Burns","Steven Yi","Jari Kleimola","Oliver Larkin"
"Christian Arbinger","Martin Bullin","Andreas Henrich"
"Carsten Knoll"
"Jelena Bleja","Sara Neumann","Tim Krueger","Uwe Grossmann"
"Sebastian Reimann","Sara Stymne"
"Jens Helge Reelfs","Oliver Hohlfeld","Niklas Henckell"
"Mehwish Alam","Andreea Iana","Alexander Grote","Katharina Ludwig","Philipp Müller","Heiko Paulheim"
"Alessandro Generale","Till Blume","Michael Cochez"
"Vanessa Jine Schweizer","Jude Herijadi Kurniawan","Aidan Power"
"Nils Wehkamp"
"Xengie Doan","Annika Selzer","Arianna Rossi","Wilhelmina Maria Botes","Gabriele Lenzini"
"Christoph Schweimer","Christine Gfrerer","Florian Lugstein","David Pape","Jan A. Velimsky","Robert Elsässer","Bernhard C. Geiger"
"Christina Göpfert","Yinlam Chow","Chih-Wei Hsu","Ivan Vendrov","Tyler Lu","Deepak Ramachandran","Craig Boutilier"
"Stefan Heindorf","Lukas Blübaum","Nick Düsterhus","Till Werner","Varun Nandkumar Golani","Caglar Demir","Axel-Cyrille Ngonga Ngomo"
"Kirill Solovev","Nicolas Pröllochs"
"Jurek Leonhardt","Koustav Rudra","Megha Khosla","Abhijit Anand","Avishek Anand"
"Nurullah Demir","Matteo Große-Kampmann","Tobias Urban","Christian Wressnegger","Thorsten Holz","Norbert Pohlmann"
"Lars Heling","Maribel Acosta"
"Benjamin Weggenmann","Valentin Rublack","Michael Andrejczuk","Justus Mattern","Florian Kerschbaum"
"Kirill Solovev","Nicolas Pröllochs"
"Lutz Oettershagen","Petra Mutzel","Nils M. Kriege"
"Aleksandr Perevalov"
"Chengjin Xu","Fenglong Su","Bo Xiong","Jens Lehmann"
"Thi Huyen Nguyen","Koustav Rudra"
"Tin Kuculo"
"Philipp Hummler","Christof Naumzik","Stefan Feuerriegel"
"Yilmazcan Ozyurt","Tobias Hatt","Ce Zhang","Stefan Feuerriegel"
"Maximilian Boeker","Aleksandra Urman"
"Shijie Geng","Zuohui Fu","Juntao Tan","Yingqiang Ge","Gerard de Melo","Yongfeng Zhang"
"Xiao Liu","Haoyun Hong","Xinghao Wang","Zeyi Chen","Evgeny Kharlamov","Yuxiao Dong","Jie Tang"
"Luka V. Petrovic","Ingo Scholtes"
"Eleni Ilkou"
"Ruohan Li","Jianxiang Li","Bhaskar Mitra","Fernando Diaz","Asia J. Biega"
"Abhisek Dash","Abhijnan Chakraborty","Saptarshi Ghosh","Animesh Mukherjee","Krishna P. Gummadi"
"Jing Ma","Yushun Dong","Zheng Huang","Daniel Mietchen","Jundong Li"
"Marco Morik","Ashudeep Singh","Jessica Hong","Thorsten Joachims"
"Rishiraj Saha Roy","Avishek Anand"
"Magdalena Kaiser","Rishiraj Saha Roy","Gerhard Weikum"
"Azin Ghazimatin"
"Magdalena Kaiser"
"Asia J. Biega","Peter Potash","Hal Daumé","Fernando Diaz","Michèle Finck"
"Maik Fröbe","Janek Bevendorff","Jan Heinrich Reimer","Martin Potthast","Matthias Hagen"
"Timo Breuer","Nicola Ferro","Norbert Fuhr","Maria Maistro","Tetsuya Sakai","Philipp Schaer","Ian Soboroff"
"Maryam Tavakol"
"Erik Faessler","Michel Oleynik","Udo Hahn"
"Suchana Datta","Debasis Ganguly","Dwaipayan Roy","Francesca Bonin","Charles Jochim","Mandar Mitra"
"Norbert Fuhr"
"Thanh Tam Nguyen","Matthias Weidlich","Hongzhi Yin","Bolong Zheng","Quang Huy Nguyen","Quoc Viet Hung Nguyen"
"Milad Alshomary","Nick Düsterhus","Henning Wachsmuth"
"Anja Reusch","Maik Thiele","Wolfgang Lehner"
"Golsa Tahmasebzadeh","Endri Kacupaj","Eric Müller-Budack","Sherzod Hakimov","Jens Lehmann","Ralph Ewerth"
"Matthias Springstein","Eric Müller-Budack","Ralph Ewerth"
"Sabine Wehnert"
"Sayantan Polley","Rashmi Raju Koparde","Akshaya Bindu Gowri","Maneendra Perera","Andreas Nuernberger"
"Reza Nasirigerdeh","Reihaneh Torkzadehmahani","Jan Baumbach","David B. Blumenthal"
"Khanh Hiep Tran","Azin Ghazimatin","Rishiraj Saha Roy"
"Magdalena Kaiser","Rishiraj Saha Roy","Gerhard Weikum"
"Andrew Yates","Rodrigo Nogueira","Jimmy Lin"
"Kevin Martin Jose","Thong Nguyen","Sean MacAvaney","Jeffrey Dalton","Andrew Yates"
"Iain Mackie","Jeffrey Dalton","Andrew Yates"
"Sean MacAvaney","Andrew Yates","Sergey Feldman","Doug Downey","Arman Cohan","Nazli Goharian"
"Maik Fröbe","Janek Bevendorff","Lukas Gienapp","Michael Völske","Benno Stein","Martin Potthast","Matthias Hagen"
"Markus Fischer","Kristof Komlossy","Benno Stein","Martin Potthast","Matthias Hagen"
"Martin Potthast","Sebastian Günther","Janek Bevendorff","Jan Philipp Bittner","Alexander Bondarenko","Maik Fröbe","Christian Kahmann","Andreas Niekler","Michael Völske","Benno Stein","Matthias Hagen"
"Markus Nilles","Lorik Dumani","Ralf Schenkel"
"Ralf Krestel","Hidir Aras","Linda Andersson","Florina Piroi","Allan Hanbury","Dean Alderucci"
"Zuohui Fu","Yikun Xian","Yaxin Zhu","Shuyuan Xu","Zelong Li","Gerard de Melo","Yongfeng Zhang"
"Igor Vatolkin","Philipp Ginsel","Günter Rudolph"
"Lukas Brückner","Ioannis Arapakis","Luis A. Leiva"
"Xuanang Chen","Ben He","Kai Hui","Yiran Wang","Le Sun","Yingfei Sun"
"Ahmed Rashed","Josif Grabocka","Lars Schmidt-Thieme"
"Anja Reusch"
"Ralf Krestel","Hidir Aras","Linda Andersson","Florina Piroi","Allan Hanbury","Dean Alderucci"
"Anett Hoppe","Ran Yu","Jiqun Liu"
"Özlem Özgöbek","Andreas Lommatzsch","Benjamin Kille","Peng Liu","Jon Atle Gulla","Edward C. Malthouse"
"Viju Sudhi","Sabine Wehnert","Norbert Michael Homner","Sebastian Ernst","Mark Gonter","Andreas Krug","Ernesto William De Luca"
"Dennis Aumiller","Satya Almasian","David Pohl","Michael Gertz"
"Satya Almasian","Milena Bruseva","Michael Gertz"
"Rafika Boutalbi","Mira Ait-Saada","Anastasiia Iurshina","Steffen Staab","Mohamed Nadif"
"Svea Klaus","Ria Van Hecke","Kaweh Djafari Naini","Ismail Sengor Altingovde","Juan Bernabé-Moreno","Enrique Herrera-Viedma"
"Florian Schneider","Chris Biemann"
"Debayan Banerjee","Pranav Ajit Nair","Jivat Neet Kaur","Ricardo Usbeck","Chris Biemann"
"Longquan Jiang","Ricardo Usbeck"
"Vuk Vuković","Akhil Arora","Huan-Cheng Chang","Andreas Spitz","Robert West"
"Zijian Zhang","Vinay Setty","Avishek Anand"
"Hoang H. Nguyen","Dmytro Bozhkov","Zahra Ahmadi","Nhat-Minh Nguyen","Thanh-Nam Doan"
"Andres Garcia-Silva","Cristian Berrio","Jose Manuel Gomez-Perez","Jose Antonio Martínez-Heras","Alessandro Donati","Ilaria Roma"
"Philipp Christmann"
"Shrestha Ghosh","Simon Razniewski","Gerhard Weikum"
"Philipp Christmann","Rishiraj Saha Roy","Gerhard Weikum"
"Alexander Bondarenko","Maik Fröbe","Jan Heinrich Reimer","Benno Stein","Michael Völske","Matthias Hagen"
"Yamen Ajjour","Pavel Braslavski","Alexander Bondarenko","Benno Stein"
"Tengteng Lin","Qiaosheng Chen","Gong Cheng","Ahmet Soylu","Basil Ell","Ruoqi Zhao","Qing Shi","Xiaxia Wang","Yu Gu","Evgeny Kharlamov"
"Timo Breuer","Jüri Keller","Philipp Schaer"
"Ramit Sawhney","Shivam Agarwal","Atula Tejaswi Neerkaje","Nikolaos Aletras","Preslav Nakov","Lucie Flek"
"Alexander Bondarenko","Maik Fröbe","Meriem Beloucif","Lukas Gienapp","Yamen Ajjour","Alexander Panchenko","Chris Biemann","Benno Stein","Henning Wachsmuth","Martin Potthast","Matthias Hagen"
"Janek Bevendorff","Bilal Ghanem","Anastasia Giachanou","Mike Kestemont","Enrique Manjavacas","Ilia Markov","Maximilian Mayerl","Martin Potthast","Francisco Rangel","Paolo Rosso","Günther Specht","Efstathios Stamatatos","Benno Stein","Matti Wiegmann","Eva Zangerle"
"Philipp Schaer","Johann Schaible","Leyla Jael Garcia Castro"
"Angelo Basile","Tommaso Caselli"
"Jiayuan He","Dat Quoc Nguyen","Saber A. Akhondi","Christian Druckenbrodt","Camilo Thorne","Ralph Hoessel","Zubair Afzal","Zenan Zhai","Biaoyan Fang","Hiyori Yoshikawa","Ameer Albahem","Lawrence Cavedon","Trevor Cohn","Timothy Baldwin","Karin Verspoor"
"Vivien Petras","Andreas Lüschow","Roland Ramthun","Juliane Stiller","Cristina España-Bonet","Sophie Henning"
"Florian Dietz"
"Alexander Bondarenko","Lukas Gienapp","Maik Fröbe","Meriem Beloucif","Yamen Ajjour","Alexander Panchenko","Chris Biemann","Benno Stein","Henning Wachsmuth","Martin Potthast","Matthias Hagen"
"Preslav Nakov","Giovanni Da San Martino","Tamer Elsayed","Alberto Barrón-Cedeño","Rubén Míguez","Shaden Shaar","Firoj Alam","Fatima Haouari","Maram Hasanain","Watheq Mansour","Bayan Hamdan","Zien Sheikh Ali","Nikolay Babulkov","Alex Nikolov","Gautam Kishore Shahi","Julia Maria Struß","Thomas Mandl","Mucahid Kutlu","Yavuz Selim Kartal"
"Janek Bevendorff","Berta Chulvi","Gretel Liz De La Peña Sarracén","Mike Kestemont","Enrique Manjavacas","Ilia Markov","Maximilian Mayerl","Martin Potthast","Francisco Rangel","Paolo Rosso","Efstathios Stamatatos","Benno Stein","Matti Wiegmann","Magdalena Wolska","Eva Zangerle"
"Timo Breuer","Melanie Pest","Philipp Schaer"
"Philipp Schaer","Timo Breuer","Leyla Jael Castro","Benjamin Wolff","Johann Schaible","Narges Tavakolpoursaleh"
"Alaa Alhamzeh","Saptarshi Mukhopadhaya","Salim Hafid","Alexandre Bremard","Előd Egyed-Zsigmond","Harald Kosch","Lionel Brunie"
"Yuan Li","Biaoyan Fang","Jiayuan He","Hiyori Yoshikawa","Saber A. Akhondi","Christian Druckenbrodt","Camilo Thorne","Zubair Afzal","Zenan Zhai","Timothy Baldwin","Karin Verspoor"
"Bogdan Ionescu","Henning Müller","Renaud Péteri","Asma Ben Abacha","Mourad Sarrouti","Dina Demner-Fushman","Sadid A. Hasan","Serge Kozlovski","Vitali Liauchuk","Yashin Dicente Cid","Vassili Kovalev","Obioma Pelka","Alba García Seco de Herrera","Janadhip Jacutprakart","Christoph M. Friedrich","Raul Berari","Andrei Tauteanu","Dimitri Fichou","Paul Brie","Mihai Dogariu","Liviu Daniel Ştefan","Mihai Gabriel Constantin","Jon Chamberlain","Antonio Campello","Adrian Clark","Thomas A. Oliver","Hassan Moustahfid","Adrian Popescu","Jérôme Deshayes-Chossart"
"Marcos Fernández-Pichel","David E. Losada","Juan C. Pichel","David Elsweiler"
"Benedikt Boenninghoff","Dorothea Kolossa","Robert M. Nickel"
"Hanna Suominen","Lorraine Goeuriot","Liadh Kelly","Laura Alonso Alemany","Elias Bassani","Nicola Brew-Sam","Viviana Cotik","Darío Filippo","Gabriela González-Sáez","Franco Luque","Philippe Mulhem","Gabriella Pasi","Roland Roller","Sandaru Seneviratne","Rishabh Upadhyay","Jorge Vivaldi","Marco Viviani","Chenchen Xu"
"Alexander Bondarenko","Maik Fröbe","Johannes Kiesel","Shahbaz Syed","Timon Gurcke","Meriem Beloucif","Alexander Panchenko","Chris Biemann","Benno Stein","Henning Wachsmuth","Martin Potthast","Matthias Hagen"
"Linda Achilles","Thomas Mandl","Christa Womser-Hacker"
"Preslav Nakov","Alberto Barrón-Cedeño","Giovanni da San Martino","Firoj Alam","Julia Maria Struß","Thomas Mandl","Rubén Míguez","Tommaso Caselli","Mucahid Kutlu","Wajdi Zaghouani","Chengkai Li","Shaden Shaar","Gautam Kishore Shahi","Hamdy Mubarak","Alex Nikolov","Nikolay Babulkov","Yavuz Selim Kartal","Michael Wiegand","Melanie Siegel","Juliane Köhler"
"Maik Fröbe","Christopher Akiki","Martin Potthast","Matthias Hagen"
"Janek Bevendorff","Berta Chulvi","Elisabetta Fersini","Annina Heini","Mike Kestemont","Krzysztof Kredens","Maximilian Mayerl","Reynier Ortega-Bueno","Piotr Pęzik","Martin Potthast","Francisco Rangel","Paolo Rosso","Efstathios Stamatatos","Benno Stein","Matti Wiegmann","Magdalena Wolska","Eva Zangerle"
"Salar Mohtaj","Sebastian Möller"
"Jüri Keller","Leon Paul Mondrian Munz"
"Alaa Alhamzeh","Mohamed Bouhaouel","Előd Egyed-Zsigmond","Jelena Mitrović","Lionel Brunie","Harald Kosch"
"Anja Reusch","Maik Thiele","Wolfgang Lehner"
"Yuan Li","Biaoyan Fang","Jiayuan He","Hiyori Yoshikawa","Saber A. Akhondi","Christian Druckenbrodt","Camilo Thorne","Zubair Afzal","Zenan Zhai","Timothy Baldwin","Karin Verspoor"
"Bogdan Ionescu","Henning Müller","Renaud Péteri","Johannes Rückert","Asma Ben Abacha","Alba G. Seco de Herrera","Christoph M. Friedrich","Louise Bloch","Raphael Brüngel","Ahmad Idrissi-Yaghir","Henning Schäfer","Serge Kozlovski","Yashin Dicente Cid","Vassili Kovalev","Liviu-Daniel Ştefan","Mihai Gabriel Constantin","Mihai Dogariu","Adrian Popescu","Jérôme Deshayes-Chossart","Hugo Schindler","Jon Chamberlain","Antonio Campello","Adrian Clark"
"Alexander Bondarenko","Lukas Gienapp","Maik Fröbe","Meriem Beloucif","Yamen Ajjour","Alexander Panchenko","Chris Biemann","Benno Stein","Henning Wachsmuth","Martin Potthast","Matthias Hagen"
"Johannes Kiesel","Lars Meyer","Florian Kneist","Benno Stein","Martin Potthast"
"Janek Bevendorff","BERTa Chulvi","Gretel Liz De La Peña Sarracén","Mike Kestemont","Enrique Manjavacas","Ilia Markov","Maximilian Mayerl","Martin Potthast","Francisco Rangel","Paolo Rosso","Efstathios Stamatatos","Benno Stein","Matti Wiegmann","Magdalena Wolska","Eva Zangerle"
"Philipp Schaer","Johann Schaible","Leyla Jael Castro"
"Ingo Frommholz","Philipp Mayr","Guillaume Cabanac","Suzan Verberne"
"Timo Breuer","Nicola Ferro","Maria Maistro","Philipp Schaer"
"Bogdan Ionescu","Henning Müller","Renaud Péteri","Asma Ben Abacha","Dina Demner-Fushman","Sadid A. Hasan","Mourad Sarrouti","Obioma Pelka","Christoph M. Friedrich","Alba G. Seco de Herrera","Janadhip Jacutprakart","Vassili Kovalev","Serge Kozlovski","Vitali Liauchuk","Yashin Dicente Cid","Jon Chamberlain","Adrian Clark","Antonio Campello","Hassan Moustahfid","Thomas Oliver","Abigail Schulz","Paul Brie","Raul Berari","Dimitri Fichou","Andrei Tauteanu","Mihai Dogariu","Liviu Daniel Stefan","Mihai Gabriel Constantin","Jérôme Deshayes","Adrian Popescu"
"James Brill","Dyaa Albakour","José Esquivel","Udo Kruschwitz","Miguel Martinez","Jon Chamberlain"
"Dominik Ramsauer","Udo Kruschwitz"
"Marcos Fernández-Pichel","David E. Losada","Juan C. Pichel","David Elsweiler"
"Michael Fromm","Max Berrendorf","Sandra Obermeier","Thomas Seidl","Evgeniy Faerman"
"Max Berrendorf","Ludwig Wacker","Evgeniy Faerman"
"Max Berrendorf","Evgeniy Faerman","Volker Tresp"
"Preslav Nakov","Giovanni Da San Martino","Tamer Elsayed","Alberto Barrón-Cedeño","Rubén Míguez","Shaden Shaar","Firoj Alam","Fatima Haouari","Maram Hasanain","Nikolay Babulkov","Alex Nikolov","Gautam Kishore Shahi","Julia Maria Struß","Thomas Mandl"
"Firas Sabbah","Norbert Fuhr"
"Jiayuan He","Biaoyan Fang","Hiyori Yoshikawa","Yuan Li","Saber A. Akhondi","Christian Druckenbrodt","Camilo Thorne","Zubair Afzal","Zenan Zhai","Lawrence Cavedon","Trevor Cohn","Timothy Baldwin","Karin Verspoor"
"Xuanang Chen","Ben He","Kai Hui","Le Sun","Yingfei Sun"
"Shahrzad Naseri","Jeffrey Dalton","Andrew Yates","James Allan"
"Xinyu Zhang","Andrew Yates","Jimmy Lin"
"Ghazaleh H. Torbati","Andrew Yates","Gerhard Weikum"
"Anna Nguyen","Adrian Oberföll","Michael Färber"
"Leon Schüller","Florian Wilhelm","Nico Kreiling","Goran Glavaš"
"Jens-Michalis Papaioannou","Manuel Mayrdorfer","Sebastian Arnold","Felix A. Gers","Klemens Budde","Alexander Löser"
"Lorraine Goeuriot","Hanna Suominen","Liadh Kelly","Laura Alonso Alemany","Nicola Brew-Sam","Viviana Cotik","Darío Filippo","Gabriela Gonzalez Saez","Franco Luque","Philippe Mulhem","Gabriella Pasi","Roland Roller","Sandaru Seneviratne","Jorge Vivaldi","Marco Viviani","Chenchen Xu"
"Adam Jatowt","I-Chen Hung","Michael Färber","Ricardo Campos","Masatoshi Yoshikawa"
"Subhash Chandra Pujari","Annemarie Friedrich","Jannik Strötgen"
"Arthur Brack","Daniel Uwe Müller","Anett Hoppe","Ralph Ewerth"
"Robert Litschko","Ivan Vulić","Simone Paolo Ponzetto","Goran Glavaš"
"Mojtaba Nayyeri","Sahar Vahdati","Emanuel Sallinger","Mirza Mohtashim Alam","Hamed Shariat Yazdi","Jens Lehmann"
"Alexander Bondarenko","Maik Fröbe","Johannes Kiesel","Shahbaz Syed","Timon Gurcke","Meriem Beloucif","Alexander Panchenko","Chris Biemann","Benno Stein","Henning Wachsmuth","Martin Potthast","Matthias Hagen"
"Janek Bevendorff","Berta Chulvi","Elisabetta Fersini","Annina Heini","Mike Kestemont","Krzysztof Kredens","Maximilian Mayerl","Reyner Ortega-Bueno","Piotr Pęzik","Martin Potthast","Francisco Rangel","Paolo Rosso","Efstathios Stamatatos","Benno Stein","Matti Wiegmann","Magdalena Wolska","Eva Zangerle"
"Maik Fröbe","Nicola Lea Libera","Matthias Hagen"
"Maik Fröbe","Sebastian Günther","Maximilian Probst","Martin Potthast","Matthias Hagen"
"Sayantan Polley"
"Ingo Frommholz","Philipp Mayr","Guillaume Cabanac","Suzan Verberne"
"Preslav Nakov","Alberto Barrón-Cedeño","Giovanni Da San Martino","Firoj Alam","Julia Maria Struß","Thomas Mandl","Rubén Míguez","Tommaso Caselli","Mucahid Kutlu","Wajdi Zaghouani","Chengkai Li","Shaden Shaar","Gautam Kishore Shahi","Hamdy Mubarak","Alex Nikolov","Nikolay Babulkov","Yavuz Selim Kartal","Javier Beltrán"
"Timo Breuer","Norbert Fuhr","Philipp Schaer"
"Alba G. Seco de Herrera","Bogdan Ionescu","Henning Müller","Renaud Péteri","Asma Ben Abacha","Christoph M. Friedrich","Johannes Rückert","Louise Bloch","Raphael Brüngel","Ahmad Idrissi-Yaghir","Henning Schäfer","Serge Kozlovski","Yashin Dicente Cid","Vassili Kovalev","Jon Chamberlain","Adrian Clark","Antonio Campello","Hugo Schindler","Jérôme Deshayes","Adrian Popescu","Liviu-Daniel Ştefan","Mihai Gabriel Constantin","Mihai Dogariu"
"Yashar Deldjoo","Tommaso Di Noia","Daniele Malitesta","Felice Antonio Merra"
"Xin Dong","Tanay Kumar Saha","Ke Zhang","Joel Tetreault","Alejandro Jaimes","Gerard de Melo"
"Saber Zerhoudi","Michael Granitzer","Christin Seifert","Joerg Schloetterer"
"Julius Gonsior","Jakob Krude","Janik Schönfelder","Maik Thiele","Wolgang Lehner"
"Yuan Li","Biaoyan Fang","Jiayuan He","Hiyori Yoshikawa","Saber A. Akhondi","Christian Druckenbrodt","Camilo Thorne","Zenan Zhai","Zubair Afzal","Trevor Cohn","Timothy Baldwin","Karin Verspoor"
"Debopriyo Banerjee","Lucky Dhakad","Harsh Maheshwari","Muthusamy Chelliah","Niloy Ganguly","Arnab Bhattacharya"
"Xiaoyang Chen","Kai Hui","Ben He","Xianpei Han","Le Sun","Zheng Ye"
"Ronak Pradeep","Yuqi Liu","Xinyu Zhang","Yilin Li","Andrew Yates","Jimmy Lin"
"Kirill Bogomasov","Tim Geuer","Stefan Conrad"
"Alexander Flick","Sebastian Jäger","Ivana Trajanovska","Felix Biessmann"
"Maik Fröbe","Matti Wiegmann","Nikolay Kolyada","Bastian Grahm","Theresa Elstner","Frank Loebe","Matthias Hagen","Benno Stein","Martin Potthast"
"Alexander Bondarenko","Maik Fröbe","Johannes Kiesel","Ferdinand Schlatt","Valentin Barriere","Brian Ravenet","Léo Hemamou","Simon Luck","Jan Heinrich Reimer","Benno Stein","Martin Potthast","Matthias Hagen"
"Maik Fröbe","Lukas Gienapp","Martin Potthast","Matthias Hagen"
"Alexander Pugachev","Ekaterina Artemova","Alexander Bondarenko","Pavel Braslavski"
"Tim Gollub","Jason Brockmeyer","Benno Stein","Martin Potthast"
"Janek Bevendorff","Mara Chinea-Ríos","Marc Franco-Salvador","Annina Heini","Erik Körner","Krzysztof Kredens","Maximilian Mayerl","Piotr Pęzik","Martin Potthast","Francisco Rangel","Paolo Rosso","Efstathios Stamatatos","Benno Stein","Matti Wiegmann","Magdalena Wolska","Eva Zangerle"
"Tim Menzner","Florian Mittag","Jochen L. Leidner"
"Tim Nugent","George Gkotsis","Jochen L. Leidner"
"Florian Pickelmann","Michael Färber","Adam Jatowt"
"Erasmo Purificato","Saijal Shahania","Marcus Thiel","Ernesto William De Luca"
"Laura Dietz","Hannah Bast","Shubham Chatterjee","Jeff Dalton","Edgar Meij","Arjen de Vries"
"Ingo Frommholz","Philipp Mayr","Guillaume Cabanac","Suzan Verberne"
"Xuke Hu","Yingjie Hu","Bernd Resch","Jens Kersten"
"Fabian Haak"
"Mina Schütz"
"Alberto Barrón-Cedeño","Firoj Alam","Tommaso Caselli","Giovanni Da San Martino","Tamer Elsayed","Andrea Galassi","Fatima Haouari","Federico Ruggeri","Julia Maria Struß","Rabindra Nath Nandi","Gullal S. Cheema","Dilshod Azizov","Preslav Nakov"
"Golsa Tahmasebzadeh","Sherzod Hakimov","Ralph Ewerth","Eric Müller-Budack"
"Bogdan Ionescu","Henning Müller","Ana Maria Drăgulinescu","Adrian Popescu","Ahmad Idrissi-Yaghir","Alba García Seco de Herrera","Alexandra Andrei","Alexandru Stan","Andrea M. Storås","Asma Ben Abacha","Christoph M. Friedrich","George Ioannidis","Griffin Adams","Henning Schäfer","Hugo Manguinhas","Ihar Filipovich","Ioan Coman","Jérôme Deshayes","Johanna Schöler","Johannes Rückert","Liviu-Daniel Ştefan","Louise Bloch","Meliha Yetisgen","Michael A. Riegler","Mihai Dogariu","Mihai Gabriel Constantin","Neal Snider","Nikolaos Papachrysos","Pål Halvorsen","Raphael Brüngel","Serge Kozlovski","Steven Hicks","Thomas de Lange","Vajira Thambawita","Vassili Kovalev","Wen-Wai Yim"
"Jonas Wallat","Fabian Beringer","Abhijit Anand","Avishek Anand"
"Lijun Lyu","Avishek Anand"
"Lila Boualili","Andrew Yates"
"Gregor Donabauer","Udo Kruschwitz"
"Maren Pielka","Svetlana Schmidt","Lisa Pucknat","Rafet Sifa"
"Phillip Schneider","Anum Afzal","Juraj Vladika","Daniel Braun","Florian Matthes"
"Ipek Baris Schlicht","Lucie Flek","Paolo Rosso"